orders,search_volume,name
172,560,Irish National
69,760,Black
68,110,US Navy
56,210,Paterson
53,270,County Cork
53,70,Masonic
52,0,Menzies Dress Dance Black and White
37,0,Andover
36,0,Colquhoun Kirkpatrick
34,30,Pride Of LGBT
32,90,McGuire
30,0,Country Cork
29,0,Plain Black
28,0,Leatherneck US Marine
27,250,MacDuck
27,130,California
27,110,Cowan
23,0,Morrison Hunting Ancient
22,250,Hall
22,40,Camel
21,0,Official Douglas
19,1410,Blue
19,0,Saffron
19,0,MacDonald of The Isles Hunting
18,270,Alexander
18,70,Turner
17,110,Morgan
17,20,Evans of Wales
16,110,Gray Watch
15,130,Grey Watch - Limited
15,0,Kinnear - Limited
14,440,Gray
14,190,McLaughlin
14,0,Davies of Wales
13,170,Adams
13,0,Gray Hamilton
12,110,Jackson
12,70,Houston
12,0,Royal Stewart Universal
12,0,Munro Hunting Weathered
12,0,Dark Duncan Limited
11,100,Freedom - Limited
11,100,Baillie
11,20,Aberdeen District
10,30,Oliver
10,0,Walker Evening
10,0,Gorman Blue
10,0,Cumbernauld District
9,0,Wood Cock
9,0,Mod Oliphant
8,190,Allen
8,120,Carruthers Limited
8,40,Sweeney
8,0,Owen Of Wales
8,0,Griffiths of Wales
8,0,Black Watch Universal
8,0,Black Watch Large Sett
7,290,Kirkpatrick
7,240,Hamilton Grey
7,160,Walker
7,50,Coleman
7,40,Mcdermott
7,20,Confederate Memorial
7,0,Skirl
7,0,Rymond Lee Limited
7,0,Quebec
7,0,Macdonnell Of Keppoch
7,0,Jones of Wales
7,0,Brodie Countryfare Ancient
7,0,Aberdeen Angus Cattle Society
6,40,Henry
6,40,Grey Highlander
6,0,Morrison Red
6,0,Morrison Green
6,0,Longniddry Green
6,0,Blue Ramsay Taran
6,0,Bennett Dress
5,180,Evans
5,180,Air Force
5,140,Kelly
5,40,Gorman
5,0,Royal Welsh - Limited
5,0,Morton
5,0,Moncrieffe
5,0,Maitland Chief
5,0,Macdonnell Of Glengarry
5,0,Leslie Green Ancient
5,0,Henry WA
5,0,Fraser Old Ancient
5,0,Decent Black
5,0,Cyllene Limited
5,0,Alberta Provincial
4,100,Beige
4,40,Little
4,40,Gillis
4,40,Crosby
4,40,Connell
4,20,MacEachern
4,0,Seabee
4,0,MacQuarrie Muted 1815 - Limited
4,0,MacIntosh Hunting Ancient
4,0,MacInnes Red
4,0,MacGregor Hunting
4,0,MacFarlane Black and White
4,0,MacDonald Lord of the Isles Hunting Blue
4,0,Lee
4,0,Hay and Leith
4,0,Gardner L Ancient
4,0,Fasanta Alba
4,0,Cunningham Dress Purple
4,0,Culloden District Gold
4,0,Black Watch Large Sett Universal
4,0,Banff And Buchan District
4,0,Atlantic Tide
4,0,Alexander Hunting
3,290,Moffat
3,220,Chattan
3,100,Cape Breton
3,80,Hart
3,80,Cassidy
3,70,MacBride
3,60,Casey
3,50,German Heritage
3,50,Angus District
3,20,Mar
3,20,Hamilton Green
3,20,Glyndwr
3,20,Dempster
3,20,Corcoran
3,20,Cleghorn
3,20,Celtic Black
3,20,Burt
3,20,Birrell
3,0,Williams Of Wales
3,0,US Forces Army
3,0,Thompson Dress
3,0,Tait
3,0,Swedish
3,0,Pride of Scotland Universal
3,0,Nicholson
3,0,New Zealand
3,0,Munro Black Red
3,0,Montgomery Blue
3,0,MacKinnon Red
3,0,MacCann 2017
3,0,Londonderry Irish County
3,0,Lewis of Wales
3,0,Knight Family
3,0,Johnstone Clans Originaux
3,0,Hamilton Blue Hunting
3,0,Gordon Old
3,0,Galloway Green
3,0,Fearthainn
3,0,Elliot Clans Originaux Ancient
3,0,Durham District
3,0,Dark Hebridean Purple
3,0,California Riverside University
3,0,Buchanan Hunting Blue
3,0,Argentina National
2,280,Thompson Ancient
2,230,Gibson Ancient
2,190,Purple
2,180,Reid
2,180,Maple Leaf
2,130,Maitland
2,130,Fleming
2,110,US Marine
2,90,German
2,80,Harper
2,70,Barnes
2,60,Moran
2,60,Dalziel
2,60,Blackburn
2,40,Lindsay Hunting
2,40,Granite City
2,40,Fenton
2,40,Crosbie
2,40,Boswell
2,30,Spirit of Bruce
2,20,Griffiths
2,20,Dalgliesh
2,20,Conroy
2,20,Braid Ancient
2,20,Arran Mist
2,10,Dodd
2,0,Wells
2,0,Wallace Red Ancient
2,0,Walker Hunting
2,0,Urquhart Ancient White Lines
2,0,Ulster Irish
2,0,US Navy Edzell
2,0,Tweedside Light
2,0,Turnbull of Thornton
2,0,Thomson Red Ancient MacTavish Limited
2,0,Thompson Dress Hebridean
2,0,Thomas of Wales
2,0,Strathclyde District
2,0,Stewart Campbell
2,0,Stevenson Hunting
2,0,Sporrans: Embossed leather Semi Dress Pin lock Sporran
2,0,Sligo
2,0,Shepherd Check
2,0,Scottish Borders Borderland
2,0,Royal Canadian Mounted Police
2,0,Regiment of Foot
2,0,Rafferty
2,0,Quinn Hunting
2,0,Pride of Norway
2,0,Perry Dress
2,0,Perry
2,0,Paton Ancient
2,0,O'Sullivan McCragh
2,0,O'Shaughnessy
2,0,Nisbet Dress Dance Rose
2,0,New Mexico
2,0,Moriarty
2,0,Macleod Dress Muted
2,0,Macfadyen
2,0,Macauley Red
2,0,MacPherson Dress
2,0,MacLeod Lewis Dress Hebridean - Limited
2,0,MacLaine of Loch Buie
2,0,MacKenzie Hebridean
2,0,MacDiarmid MacGregor Hastie
2,0,Lloyd
2,0,Leckie
2,0,Islay Mist
2,0,Humphries
2,0,Home Vestiarium Scoticum
2,0,Highland Romance
2,0,Highland Granite Sage
2,0,Herron
2,0,Grant Piper Ancient
2,0,German District
2,0,Fraser Gathering Hunting
2,0,Fletcher New
2,0,Fearns McIntosh Millennium
2,0,Down Irish County Ancient
2,0,Douglas Grey
2,0,Cock
2,0,Casey Dress
2,0,Campbell Of Loudon
2,0,Boswell Dress
2,0,Black Scottish National
2,0,Banff and Buchan Ancient
2,0,Balmoral Estate
2,0,American Confederate Memorial
2,0,76895
1,730,Welsh
1,640,Carnegie Mellon
1,480,Bell
1,250,Ulster Weathered
1,250,National
1,250,Glen Affric
1,240,Johnson
1,210,Galloway
1,190,Edinburgh
1,180,Black Watch Dress
1,170,Davies
1,110,Mckinney
1,100,Manx
1,100,Dickson
1,100,Cullen
1,100,Allan
1,80,Boyle
1,60,Browne Ancient
1,50,Seaforth Highlanders
1,50,Mckinley
1,50,Macfarland
1,50,Fife District
1,40,Wisconsin State Ancient
1,40,Hickey Ancient
1,40,Healy
1,40,Gilmour
1,40,Eternity
1,40,Coutts
1,40,Cian Ancient
1,40,Cameron of Lochiel
1,40,Blackwood
1,40,Bethune
1,40,Akins
1,30,Shepherd
1,30,MacPhee
1,20,Laird
1,20,Historic CaleDonia
1,20,Gordon Blue
1,20,Edmonstone
1,20,Easton Ancient
1,20,Crowe
1,20,County Westmeath
1,20,Christopher Ancient
1,20,Brunton
1,20,Ayrshire District
1,0,https\://cdn.shopify.com/s/files/1/0580/7302/2627/uploads/ff145ab8692ea6ac22300aeb9401d6d2.pdf
1,0,https\://cdn.shopify.com/s/files/1/0580/7302/2627/uploads/fc1caa4602e77206511529be2c2d8394.pdf
1,0,https\://cdn.shopify.com/s/files/1/0580/7302/2627/uploads/f5708be24fc0e56ffe397823904ae1aa.jpg
1,0,https\://cdn.shopify.com/s/files/1/0580/7302/2627/uploads/efd9456dc105df312e45ee6b94c505e2.jpeg
1,0,https\://cdn.shopify.com/s/files/1/0580/7302/2627/uploads/eeea4e3f93d2ce7085716ff9e9e8e20f.png
1,0,https\://cdn.shopify.com/s/files/1/0580/7302/2627/uploads/ed4a759ad1bdb2a0f98805c685cd75e4.jpg
1,0,https\://cdn.shopify.com/s/files/1/0580/7302/2627/uploads/ed39ba992c4f90f7384dffd3e81da512.jpeg
1,0,https\://cdn.shopify.com/s/files/1/0580/7302/2627/uploads/ea65e11b3422f05073fc824fc998dd26.png
1,0,https\://cdn.shopify.com/s/files/1/0580/7302/2627/uploads/d85ab58989cb32db16f21bc438a8e19e.jpg
1,0,https\://cdn.shopify.com/s/files/1/0580/7302/2627/uploads/d48ad0eeb79a761703ccdaab2807ce1d.jfif
1,0,https\://cdn.shopify.com/s/files/1/0580/7302/2627/uploads/d034ced4e248a59a9bce0d0326dfb3ff.jpeg
1,0,https\://cdn.shopify.com/s/files/1/0580/7302/2627/uploads/cc13b017849fe8fc8e4b8bb5914f8354.png
1,0,https\://cdn.shopify.com/s/files/1/0580/7302/2627/uploads/bef8b61f05793db3ce4681bb1ee5d1bf.jpeg
1,0,https\://cdn.shopify.com/s/files/1/0580/7302/2627/uploads/bedb0f58c5d028261afd13d2fde9cc33.png
1,0,https\://cdn.shopify.com/s/files/1/0580/7302/2627/uploads/bdb51a40781f44432f68f1cdf31a8143.jpg
1,0,https\://cdn.shopify.com/s/files/1/0580/7302/2627/uploads/bc3a45971f5b8cd5d08dd6a72ec44acb.png
1,0,https\://cdn.shopify.com/s/files/1/0580/7302/2627/uploads/badc387c069f698e42e5663847c330f8.jpg
1,0,https\://cdn.shopify.com/s/files/1/0580/7302/2627/uploads/ba84d1fed410a2f4377cf810cb296164.png
1,0,https\://cdn.shopify.com/s/files/1/0580/7302/2627/uploads/a7d318cc19804825290e2862d75da87b.png
1,0,https\://cdn.shopify.com/s/files/1/0580/7302/2627/uploads/9f49022c8e56f8accbdbf028b41ed8f5.png
1,0,https\://cdn.shopify.com/s/files/1/0580/7302/2627/uploads/9d780dfe11870220eb48849fafb8c7db.png
1,0,https\://cdn.shopify.com/s/files/1/0580/7302/2627/uploads/9b4882eac30c82e6ab3472ccb7a75b2a.jpeg
1,0,https\://cdn.shopify.com/s/files/1/0580/7302/2627/uploads/92abf99bb533f565c9dca3cfce54ac81.png
1,0,https\://cdn.shopify.com/s/files/1/0580/7302/2627/uploads/910aee2c4f755895091bd76fe52e4fc0.jpg
1,0,https\://cdn.shopify.com/s/files/1/0580/7302/2627/uploads/8d632276d10e440a59f55bab57c9ce3b.jpeg
1,0,https\://cdn.shopify.com/s/files/1/0580/7302/2627/uploads/7bce55d23f58bed6aabc4c57096e63c9.png
1,0,https\://cdn.shopify.com/s/files/1/0580/7302/2627/uploads/79d80297078d792f61018425f1c93b09.png
1,0,https\://cdn.shopify.com/s/files/1/0580/7302/2627/uploads/77cdc9236e02d58b9704dab5e7ac9bf0.png
1,0,https\://cdn.shopify.com/s/files/1/0580/7302/2627/uploads/6f96fbcc2f4dfe0d5ff9590e6a9ee614.jpeg
1,0,https\://cdn.shopify.com/s/files/1/0580/7302/2627/uploads/6d0bb4fa30d57f866a5c9e3d40768b55.jpeg
1,0,https\://cdn.shopify.com/s/files/1/0580/7302/2627/uploads/6c411e69a7e963f2d0ae7480dbdcdd5a.png
1,0,https\://cdn.shopify.com/s/files/1/0580/7302/2627/uploads/5a9de0d4b57693d205df7941f3e08a39.pdf
1,0,https\://cdn.shopify.com/s/files/1/0580/7302/2627/uploads/4c88f3cab149ca5c1561ba3d9db030c4.jpeg
1,0,https\://cdn.shopify.com/s/files/1/0580/7302/2627/uploads/3d7cf26b2b98ba0a12dc119233dd7c71.pdf
1,0,https\://cdn.shopify.com/s/files/1/0580/7302/2627/uploads/3cbaecf8cde26ab17c0fc8286f579cf7.jpg
1,0,https\://cdn.shopify.com/s/files/1/0580/7302/2627/uploads/37b21559cb4ec183be790c6c053e474b.jpg
1,0,https\://cdn.shopify.com/s/files/1/0580/7302/2627/uploads/2e277785c52fec83ad9e13fbf6534180.jpg
1,0,https\://cdn.shopify.com/s/files/1/0580/7302/2627/uploads/2db0f0e4363fa1d43313c52b081d9ed7.png
1,0,https\://cdn.shopify.com/s/files/1/0580/7302/2627/uploads/2bc5b705c89bfabcfe3aa157573ca550.png
1,0,https\://cdn.shopify.com/s/files/1/0580/7302/2627/uploads/28f76c14f455b90b64337a7070d0412f.jpeg
1,0,https\://cdn.shopify.com/s/files/1/0580/7302/2627/uploads/27ec51fe9088a4f7306ae3bd58c60627.png
1,0,https\://cdn.shopify.com/s/files/1/0580/7302/2627/uploads/20ec11ddffcf02b6eb871d14140c16a8.png
1,0,https\://cdn.shopify.com/s/files/1/0580/7302/2627/uploads/209875e8ff9605cb07c63be5fea5c80c.pdf
1,0,https\://cdn.shopify.com/s/files/1/0580/7302/2627/uploads/205c1c3fe6f6720ef8a43f7b0673438b.png
1,0,York
1,0,Willox
1,0,Wild Heather
1,0,Whitley Ancient
1,0,Whitaker
1,0,Wallace Blue Dress
1,0,Walker Hunting Ancient Hunting
1,0,Walker Dress Ancient
1,0,Virginia Military Institute ancient
1,0,Vancouver City
1,0,Urquhart Broad Red ancient
1,0,Ulster Red Irish
1,0,Ulster Brown
1,0,US Special Forces
1,0,US Border Patrol
1,0,Tipperary Irish County
1,0,Thomson Black
1,0,Tasmania State
1,0,Swankie Ancient
1,0,Sutherland Hunting
1,0,Strath Blue
1,0,Stewart Small Sett Black
1,0,Stewart Old Sett Ancient
1,0,Stewart Of Galloway
1,0,Stewart Mourning Originaux
1,0,Spirit of Glyndwr Red
1,0,Spirit of Glyndwr Gold
1,0,Somerville Ancient
1,0,Silver Pride of Scotland Universal
1,0,Shiels
1,0,Shaw Of Tordarroch Ancient
1,0,Seller Ancient
1,0,Selkirk
1,0,Seattle District
1,0,Scottish Highlander
1,0,Scott Brown Hunting Ancient
1,0,Scott Brown Ancient
1,0,Scott Black White Ancient
1,0,Scarlet Weathered
1,0,Saint Andrews
1,0,Ruthven
1,0,Rose Dress
1,0,Robertson Red Ancient
1,0,Robertson Chasse l'ancien
1,0,Roberts of Wales
1,0,Robb Ancient
1,0,Rivers Of Scotland
1,0,Richmond
1,0,Rennie Ancient
1,0,Rankin Dalgliesh
1,0,Ralston
1,0,Rae
1,0,Prince Charles Edward Stuart Ancient
1,0,Plummer Ancient
1,0,Pike
1,0,Peters Chief
1,0,Perthshire
1,0,Perry Hunting
1,0,Payne Ancient
1,0,Paxton
1,0,Owen
1,0,Orr John Dirk The Brotherhood of
1,0,Offaly County
1,0,Oakleigh
1,0,O'Neill Cliffford Ancient
1,0,O'Buckley Dress
1,0,Norway
1,0,Nichol
1,0,Newlands of Lauriston
1,0,Nesbitt
1,0,Mowat Mouat
1,0,Monaghan
1,0,Mercer
1,0,Menzies Black White Ancient
1,0,Mckean
1,0,Mccormack
1,0,McKerrell
1,0,Marr Green
1,0,Macleod Hebridean
1,0,Maclaine Of Lochbuie Red Muted
1,0,MacNaughton Hebridean
1,0,MacLean Hunting Ancient
1,0,MacKinnon Hunting Hunting
1,0,MacIvor Ancient
1,0,MacEochaidh
1,0,MacDougall Clans Originaux Ancient
1,0,MacDonald of The Isles Hunting Hunting
1,0,MacDonald Flora Plaid Artifact Ancient
1,0,MacDonald Dress Muted Blue Special
1,0,MacCrimmon Ancient
1,0,MacColl Old
1,0,MacCaskill
1,0,MacCandlish Green Hunting
1,0,MacCamley
1,0,MacCallum Red Line
1,0,MacByrd Ancient
1,0,MacArthur Grey Limited
1,0,Longniddry - Dress Dance Green
1,0,Llewellyn of Wales
1,0,Lindsay Smibert Lindsay New
1,0,Leitrim Irish County
1,0,Leith District
1,0,LGBTQ Pride
1,0,Kerr Red Muted
1,0,Kennedy Irish
1,0,Johnston Ian Ancient
1,0,Jenkins of Wales
1,0,James
1,0,Jacobite Rebellion Universal
1,0,Jacobite Rebellion
1,0,Isle of Skye Blue Dress
1,0,Ironside
1,0,Huntly District
1,0,Hunter of Hunterston Galbraith of Hunterston Ancient
1,0,Hudson Bay Company
1,0,Hudson
1,0,Hopkins of Wales
1,0,Highland Granite Universal
1,0,Highland Granite Navy
1,0,Heritage of Scotland Universal
1,0,Hebridean Pewter
1,0,Hay Dress Ancient
1,0,Hat Size: 60 Cm / 7.1/2
1,0,Hamilton of Clayton Ancient
1,0,Hame
1,0,Halifax Burns Club
1,0,Griffiths of Llangynin Ancient
1,0,Gillies Dress Ancient
1,0,Galway Irish County
1,0,Gala Water Ancient
1,0,Forbes of Druinnor
1,0,Fitzsimmons Hunting
1,0,Fermanagh County
1,0,Farquharson Clans Originaux Ancient
1,0,Erskine Dress Dance Blue
1,0,Edwards of Wales
1,0,Dunedin New Zealand
1,0,Dundee Old Ancient
1,0,Drummond Clans Originaux Grey
1,0,Douglas Hebridean
1,0,Dinwoodie
1,0,Dhillon
1,0,Denholm Check
1,0,Davidson Tulloch Dress
1,0,Dark hebridean peat tartan
1,0,Dark Shadow Shaded Grey
1,0,Dark Island Peat
1,0,Dark Douglas Navy
1,0,Cumming Or Comyn
1,0,Cumming Or Buchan
1,0,Crieff Dress
1,0,Cowe
1,0,Cowan Kilt
1,0,Clunie Charcoal
1,0,Clergy Red
1,0,Chisholm Hunting Hunting
1,0,Castle on the Hill Ancient
1,0,Cameron Hunting Ancient New
1,0,Cameron Black and Red
1,0,Cairngorm District
1,0,Buchanan Old Sett
1,0,Brodie Red
1,0,Bonnar Ancient
1,0,Blue Royal Stewart Ancient
1,0,Blue Family
1,0,Black DCD
1,0,Balmoral Estate Ancient Universal
1,0,Balfour Blue
1,0,Arran Isle
1,0,Anderson of Arbrake
1,0,Anderson Old
1,0,Anderson Grey
1,0,American District Ancient
1,0,Ailsa Dress Pink
1,0,Aberdeen Dress
1,0,Aber Cromb Limited
1,0,86181
1,0,83074
1,0,82954
1,0,82821
1,0,77163
1,0,77040
1,0,76968
1,0,76953
1,0,76926
1,0,71835
0,560,Outlander
0,210,Matheson
0,110,Irish Heritage
0,70,Maroon
0,40,Hibernian
0,40,Coulter
0,30,Alma College
0,20,The Great Glen
0,20,Great
