tartan_handle,colourway,product_handle,tag
abel,,abel-tartan-kilt,abel tartan
abercrombie,,aber-cromb-tartan-kilt-limited,abercrombie tartan
ailsa-pink,,ailsa-pink-tartan-kilt,ailsa pink tartan
allen-1996,,allen-tartan-kilt-1996,allen tartan
american-national,,american-national-tartan-kilt,american national tartan
anderson,,anderson-tartan-kilt,anderson tartan
angus,,angus-tartan-kilt,angus tartan
angus,weathered,angus-muted-tartan-kilt,angus muted tartan
armstrong,,armstrong-tartan-kilt,armstrong tartan
ayrshire,,ayrshire-tartan-kilt,ayrshire tartan
baillie-highland-society,,baillie-tartan-kilt,baillie tartan
baillie-highland-society,ancient,baillie-ancient-tartan-kilt,baillie ancient tartan
baird,,baird-tartan-kilt,baird tartan
baird,ancient,baird-ancient-tartan-kilt,baird ancient tartan
barclay-hunting,,barclay-hunting-tartan-kilt,barclay hunting tartan
barclay-hunting,ancient,barclay-hunting-ancient-tartan-kilt,barclay hunting tartan
bell-of-borders,,bell-of-borders-tartan-kilt,bell of borders tartan
black-shadow,,black-shadow-tartan-kilt,black shadow tartan
black-stewart,,stewart-black-tartan-kilt,stewart black tartan
black-watch,,black-watch-kilt,black watch tartan
black-watch,ancient,black-watch-ancient-tartan-kilt,black watch tartan
black-watch,weathered,black-watch-weathered-tartan-kilt,black watch weathered tartan
blair,,blair-tartan-kilt,blair clan tartan
borthwick,,borthwick-tartan-kilt,borthwick tartan
boyd,,boyd-tartan-kilt,boyd tartan
boyd,ancient,boyd-ancient-tartan-kilt,boyd ancient tartan
brodie-hunting-ancient,,brodie-hunting-tartan-kilt,brodie hunting tartan
brown,,brown-tartan-kilt,brown tartan
brown-watch,,brown-watch-tartan-kilt,brown watch tartan
bruce,,bruce-tartan-kilt,bruce clan tartan
bruce,ancient,bruce-ancient-tartan-kilt,bruce ancient tartan
buchanan,,buchanan-of-leny-tartan-kilt,buchanan tartan
buchanan,,buchanan-tartan-kilt,buchanan tartan
buchanan,weathered,buchanan-weathered-tartan-kilt,buchanan weathered tartan
buchanan-hunting,,buchanan-hunting-tartan-kilt,buchanan hunting tartan
burnett,,burnett-tartan-kilt,burnett tartan
burns,,burns-tartan-kilt,burns tartan
burns-check,,burns-check-tartan-kilt,burns check tartan
butler,,butler-tartan-kilt,butler tartan
california-state,,california-state-tartan-kilt,california state tartan
callaghan,,callaghan-tartan-kilt,callaghan tartan
cameron,,cameron-of-erracht-tartan-kilt,cameron tartan
cameron,,cameron-tartan-kilt,cameron tartan
cameron-hunting-muted,weathered,cameron-hunting-muted-tartan-kilt,cameron hunting tartan
cameron-of-erracht,,cameron-of-erracht-tartan-kilt,cameron of erracht tartan
cameron-of-erracht,ancient,cameron-of-erracht-ancient-tartan-kilt,cameron of erracht tartan
campbell,,campbell-tartan-kilt,campbell tartan
campbell,ancient,campbell-ancient-tartan-kilt,campbell ancient tartan
campbell,weathered,campbell-of-argyll-weathered-tartan-kilt,campbell weathered tartan
campbell-dress,,campbell-dress-tartan-kilt,campbell dress tartan
campbell-of-argyll,,campbell-of-argyll-tartan-kilt,campbell of argyll tartan
campbell-of-argyll,ancient,campbell-of-argyll-ancient-tartan-kilt,campbell of argyll tartan
carmichael,,carmichael-tartan-kilt,carmichael tartan
carnegie,,carnegie-tartan-kilt,carnegie tartan
chinese-scottish,,chinese-scottish-tartan-kilt,chinese scottish tartan
chisholm,,chisholm-tartan-kilt,chisholm tartan
chisholm-hunting,,chisholm-hunting-tartan-kilt,chisholm hunting tartan
clark,,clark-tartan-kilt,clark tartan
clark,ancient,clark-ancient-tartan-kilt,clark ancient tartan
clergy,,clergy-tartan-kilt,clergy tartan
cockburn,,cockburn-tartan-kilt,cockburn tartan
colquhoun,,colquhoun-tartan-kilt-kirkpatrick,colquhoun tartan
cooper,,cooper-tartan-kilt,cooper tartan
cooper,ancient,cooper-ancient-tartan-kilt,cooper ancient tartan
cornish,,cornish-tartan-kilt,cornish tartan
county-dublin,,county-dublin-tartan-kilt,county dublin tartan
county-limerick,,county-limerick-tartan-kilt,county limerick tartan
county-louth,,county-louth-tartan-kilt,county louth tartan
county-mayo,,county-mayo-tartan-kilt,county mayo tartan
county-sligo,,county-sligo-tartan-kilt,county sligo tartan
craig,ancient,craig-ancient-tartan-kilt,craig ancient tartan
crawford,,crawford-tartan-kilt,crawford tartan
cumming,,cumming-tartan-kilt,cumming tartan
cumming,ancient,cumming-hunting-ancient-tartan-kilt,cumming tartan
cumming-hunting,,cumming-hunting-tartan-kilt,cumming hunting tartan
cumming-hunting,ancient,cumming-hunting-ancient-tartan-kilt,cumming hunting ancient tartan
cunningham,,cunningham-dress-purple-tartan-kilt,cunningham tartan
cunningham,,cunningham-tartan-kilt,cunningham tartan
cunningham,ancient,cunningham-ancient-tartan-kilt,cunningham ancient tartan
davidson,,davidson-tartan-kilt,davidson clan tartan
davis,,davis-tartan-kilt,davis tartan
douglas,,douglas-tartan-kilt,douglas clan tartan
douglas,ancient,douglas-ancient-tartan-kilt,douglas ancient tartan
doyle,,doyle-tartan-kilt,doyle tartan
dress-gordon,,gordon-dress-tartan-kilt,gordon dress tartan
drummond,,drummond-grey-tartan-kilt,drummond tartan
drummond-of-perth,,drummond-of-perth-tartan-kilt,drummond of perth tartan
duke-of-rothesay,,duke-of-rothesay-tartan-kilt,duke of rothesay tartan
dunbar,,dunbar-tartan-kilt,dunbar tartan
duncan,,duncan-tartan-kilt,duncan tartan
duncan,ancient,duncan-ancient-tartan-kilt,duncan ancient tartan
dunlop,ancient,dunlop-ancient-tartan-kilt,dunlop ancient tartan
dutch,,dutch-tartan-kilt,dutch tartan
elliot,,elliot-tartan-kilt,elliot tartan
elliot,ancient,elliot-ancient-tartan-kilt,elliot ancient tartan
erskine,,erskine-tartan-kilt,erskine tartan
farquharson,,farquharson-tartan-kilt,farquharson tartan
farquharson,ancient,farquharson-ancient-tartan-kilt,farquharson ancient tartan
farquharson,weathered,farquharson-weathered-tartan-kilt,farquharson weathered tartan
ferguson,,ferguson-tartan-kilt,ferguson tartan
ferguson,modern,ferguson-modern-tartan-kilt,ferguson modern tartan
ferguson,weathered,ferguson-weathered-tartan-kilt,ferguson weathered tartan
fletcher,,fletcher-tartan-kilt,fletcher tartan
fletcher,ancient,fletcher-ancient-tartan-kilt,fletcher ancient tartan
forbes,,forbes-tartan-kilt,forbes tartan
forsyth,ancient,forsyth-ancient-tartan-kilt,forsyth ancient tartan
fraser,,fraser-of-lovat-tartan-kilt,fraser of lovat tartan
fraser,,fraser-tartan-kilt,fraser clan tartan
fraser-hunting,,fraser-hunting-tartan-kilt,fraser hunting tartan
fraser-hunting,ancient,fraser-hunting-ancient-tartan-kilt,fraser hunting tartan
galbraith,,galbraith-tartan-kilt,galbraith tartan
gallagher,,gallagher-tartan-kilt,gallagher tartan
geddes,,geddes-tartan-kilt,geddes tartan
gordon,,gordon-tartan-kilt,gordon tartan
gordon,weathered,gordon-weathered-tartan-kilt,gordon weathered tartan
gordon-red-weathered,weathered,gordon-red-weathered-tartan-kilt,gordon red weathered tartan
graham,weathered,graham-of-montrose-weathered-tartan-kilt,graham weathered tartan
graham-dress,,graham-dress-tartan-kilt,graham dress tartan
graham-of-montrose,,graham-of-montrose-tartan-kilt,graham of montrose tartan
graham-of-montrose,ancient,graham-of-montrose-ancient-tartan-kilt,graham of montrose tartan
grant,,grant-tartan-kilt,grant tartan
grant,ancient,grant-ancient-tartan-kilt,grant ancient tartan
gray-hunting,,gray-hunting-tartan-kilt,gray hunting tartan
great-scot,,great-scot-tartan-kilt,great scot tartan
gretna-green,,gretna-green-tartan-kilt,gretna green tartan
grey-spirit,,grey-spirit-tartan-kilt,grey spirit tartan
gunn,,gunn-tartan-kilt,gunn tartan
gunn,ancient,gunn-ancient-tartan-kilt,gunn ancient tartan
gunn,weathered,gunn-weathered-tartan-kilt,gunn weathered tartan
guthrie,weathered,guthrie-weathered-tartan-kilt,guthrie weathered tartan
haig-check,,haig-check-tartan-kilt,haig check tartan
hamilton-tartan,,hamilton-tartan-kilt,hamilton tartan
hay,,hay-tartan-kilt,hay tartan
hebridean-heather,,hebridean-heather-tartan-kilt,hebridean heather tartan
henderson,,henderson-tartan-kilt,henderson tartan
heritage-of-scotland,,heritage-of-scotland-tartan-kilt,heritage of scotland tartan
home,,home-tartan-kilt,home tartan
hunting-stewart,,stewart-hunting-tartan-kilt,stewart hunting tartan
hunting-stewart,weathered,stewart-hunting-weathered-tartan-kilt,stewart hunting weathered tartan
irish-diaspora,,irish-diaspora-tartan-kilt,irish diaspora tartan
iron-horse,,iron-horse-tartan-kilt,iron horse tartan
isle-of-skye,,isle-of-skye-tartan-kilt,isle of skye tartan
jardine-dress,,jardine-dress-tartan-kilt,jardine dress tartan
johnstone,ancient,johnstone-ancient-tartan-kilt,johnstone ancient tartan
jones,,jones-tartan-kilt,jones tartan
keith,,keith-tartan-kilt,keith tartan
keith,ancient,keith-ancient-tartan-kilt,keith ancient tartan
kelly-dress,,kelly-dress-tartan-kilt,kelly dress tartan
kennedy,,kennedy-tartan-kilt,kennedy tartan
kennedy,ancient,kennedy-ancient-tartan-kilt,kennedy ancient tartan
kerr,,kerr-tartan-kilt,kerr tartan
kerr-hunting-ancient,ancient,kerr-hunting-ancient-tartan-kilt,kerr hunting tartan
kidd-ancient,ancient,kidd-ancient-tartan-kilt,kidd ancient tartan
kilgour-muted-limited,weathered,kilgour-muted-tartan-kilt-limited,kilgour muted tartan
kincaid,,kincaid-tartan-kilt,kincaid tartan
laing,,laing-tartan-kilt,laing tartan
lamont,,lamont-tartan-kilt,lamont tartan
lamont,ancient,lamont-ancient-tartan-kilt,lamont ancient tartan
lennox,,lennox-tartan-kilt,lennox tartan
leslie,,leslie-tartan-kilt,leslie tartan
leslie-hunting,weathered,leslie-hunting-weathered-tartan-kilt,leslie hunting tartan
lindsay,ancient,lindsay-ancient-tartan-kilt,lindsay ancient tartan
lindsay,weathered,lindsay-weathered-tartan-kilt,lindsay weathered tartan
little-of-morton-rigg,,little-of-morton-rigg-tartan-kilt,little of morton rigg tartan
livingstone,,livingstone-tartan-kilt,livingstone tartan
lochaber,weathered,lochaber-weathered-tartan-kilt,lochaber weathered tartan
lockhart,ancient,lockhart-ancient-tartan-kilt,lockhart ancient tartan
logan,,logan-tartan-kilt,logan tartan
logan,ancient,logan-ancient-tartan-kilt,logan ancient tartan
macalister,,macalister-tartan-kilt,macalister tartan
macalpine,,macalpine-tartan-kilt,macalpine tartan
macbean,,macbean-tartan-kilt,macbean tartan
macbeth,,macbeth-tartan-kilt,macbeth tartan
macbeth,ancient,macbeth-ancient-tartan-kilt,macbeth ancient tartan
maccallum,,maccallum-tartan-kilt,maccallum tartan
maccoll,,maccoll-tartan-kilt,maccoll tartan
macconnell,,macconnell-tartan-kilt,macconnell tartan
macculloch,,macculloch-tartan-kilt,macculloch tartan
macdonald,,macdonald-tartan-kilt,macdonald clan tartan
macdonald,weathered,macdonald-weathered-tartan-kilt,macdonald weathered tartan
macdonald-dress,,macdonald-dress-tartan-kilt,macdonald dress tartan
macdougall,,macdougall-tartan-kilt,macdougall tartan
macdougall,ancient,macdougall-ancient-tartan-kilt,macdougall ancient tartan
macduff,,macduff-dress-tartan-kilt,macduff tartan
macduff,,macduff-tartan-kilt,macduff tartan
macduff-dress,,macduff-dress-tartan-kilt,macduff dress tartan
macewan-ancient,ancient,macewan-ancient-tartan-kilt,macewan ancient tartan
macfarlane,,macfarlane-tartan-kilt,macfarlane clan tartan
macfarlane-hunting,,macfarlane-hunting-tartan-kilt,macfarlane hunting tartan
macgillivray,,macgillivray-tartan-kilt,macgillivray tartan
macgregor,,macgregor-tartan-kilt,macgregor tartan
macintyre,ancient,macintyre-ancient-tartan-kilt,macintyre ancient tartan
mackay,,mackay-tartan-kilt,mackay tartan
mackay,ancient,mackay-ancient-tartan-kilt,mackay ancient tartan
mackenzie,,mackenzie-tartan-kilt,mackenzie tartan
mackinlay,,mackinlay-tartan-kilt,mackinlay tartan
mackinlay,ancient,mackinlay-ancient-tartan-kilt,mackinlay ancient tartan
mackinnon,,mackinnon-tartan-kilt,mackinnon tartan
mackinnon,ancient,mackinnon-ancient-tartan-kilt,mackinnon ancient tartan
mackinnon-hunting,,mackinnon-hunting-tartan-kilt,mackinnon hunting tartan
mackinnon-hunting,ancient,mackinnon-hunting-ancient-tartan-kilt,mackinnon hunting tartan
mackintosh,,mackintosh-tartan-kilt,mackintosh tartan
mackintosh,ancient,mackintosh-ancient-tartan-kilt,mackintosh ancient tartan
mackintosh-hunting,,mackintosh-hunting-tartan-kilt,mackintosh hunting tartan
maclachlan,,maclachlan-tartan-kilt,maclachlan tartan
maclaren,,maclaren-tartan-kilt,maclaren tartan
maclean-of-duart,,maclean-of-duart-tartan-kilt,maclean of duart tartan
maclellan,,maclellan-tartan-kilt,maclellan tartan
maclellan,ancient,maclellan-ancient-tartan-kilt,maclellan ancient tartan
maclennan,,maclennan-tartan-kilt,maclennan tartan
macleod-of-harris,,macleod-of-harris-tartan-kilt,macleod of harris tartan
macleod-of-lewis,,macleod-of-lewis-tartan-kilt,macleod of lewis tartan
macleod-of-raasay,,macleod-of-raasay-tartan-kilt,macleod of raasay tartan
macmillan,,macmillan-tartan-kilt,macmillan tartan
macmillan-hunting,,macmillan-hunting-tartan-kilt,macmillan hunting tartan
macnab,,macnab-tartan-kilt,macnab tartan
macnab,ancient,macnab-ancient-tartan-kilt,macnab ancient tartan
macnaughton,,macnaughton-tartan-kilt,macnaughton tartan
macnaughton,ancient,macnaughton-ancient-tartan-kilt,macnaughton ancient tartan
macneil-of-barra,ancient,macneil-of-barra-ancient-tartan-kilt,macneil of barra tartan
macnicol,,nicolson-macnicol-tartan-kilt,nicolson tartan
macphail-hunting,,macphail-hunting-tartan-kilt,macphail hunting tartan
macphail-hunting,ancient,macphail-hunting-ancient-tartan-kilt,macphail hunting tartan
macpherson,,macpherson-tartan-kilt,macpherson tartan
macpherson-hunting,,macpherson-hunting-tartan-kilt,macpherson hunting tartan
macphie,ancient,macphie-ancient-tartan-kilt,macphie ancient tartan
macquarrie,,macquarrie-tartan-kilt,macquarrie tartan
macquarrie,weathered,macquarrie-muted-tartan-kilt-1815-limited,macquarrie muted tartan
macqueen,,macqueen-tartan-kilt,macqueen tartan
macrae,,macrae-tartan-kilt,macrae tartan
macrae,ancient,macrae-ancient-tartan-kilt,macrae ancient tartan
macrae-hunting,,macrae-hunting-tartan-kilt,macrae hunting tartan
macrae-hunting,ancient,macrae-hunting-ancient-tartan-kilt,macrae hunting tartan
mactavish,,mactavish-tartan-kilt,mactavish tartan
macthomas,,macthomas-tartan-kilt,macthomas tartan
malcolm,,maccallum-tartan-kilt,malcolm tartan
malcolm,,malcolm-tartan-kilt,malcolm tartan
malcolm,ancient,malcolm-ancient-tartan-kilt,malcolm ancient tartan
martin,,martin-tartan-kilt,martin tartan
matheson-hunting,,matheson-hunting-tartan-kilt,matheson hunting tartan
maxwell,,maxwell-tartan-kilt,maxwell tartan
mccormick-festive,,mccormick-festive-tartan-kilt,mccormick festive tartan
menzies-hunting-green,,menzies-hunting-green-tartan-kilt,menzies hunting green tartan
middleton,,middleton-tartan-kilt,middleton tartan
mitchell,,mitchell-tartan-kilt,mitchell tartan
montgomery,,montgomery-tartan-kilt,montgomery tartan
morrison,,morrison-tartan-kilt,morrison tartan
morrison,weathered,morrison-hunting-weathered-tartan-kilt,morrison weathered tartan
muir,ancient,muir-ancient-tartan-kilt,muir ancient tartan
munro,,munro-tartan-kilt,munro tartan
murray,,murray-tartan-kilt,murray tartan
murray-of-atholl,,murray-of-atholl-tartan-kilt,murray of atholl tartan
murray-of-atholl,ancient,murray-of-atholl-ancient-tartan-kilt,murray of atholl tartan
napier,ancient,napier-ancient-tartan-kilt,napier ancient tartan
nisbet,weathered,nisbet-muted-tartan-kilt,nisbet muted tartan
norwegian-night,,norwegian-night-tartan-kilt,norwegian night tartan
nova-scotia,,nova-scotia-tartan-kilt,nova scotia tartan
ogilvie-hunting,,ogilvie-hunting-tartan-kilt,ogilvie hunting tartan
oliphant,,oliphant-tartan-kilt,oliphant tartan
ontario,,ontario-tartan-kilt,ontario tartan
orkney,,orkney-tartan-kilt,orkney tartan
patriot-ancient,ancient,patriot-ancient-tartan-kilt,patriot ancient tartan
phillips,,phillips-tartan-kilt,phillips tartan
pride-of-scotland,,pride-of-scotland-tartan-kilt,pride of scotland tartan
ramsay-red,ancient,ramsay-red-ancient-tartan-kilt,ramsay red ancient tartan
regan,,regan-tartan-kilt,regan tartan
reid-green,,reid-green-tartan-kilt,reid green tartan
robertson,,robertson-tartan-kilt,robertson tartan
robertson,weathered,robertson-weathered-tartan-kilt,robertson weathered tartan
robertson-hunting,,robertson-hunting-tartan-kilt,robertson hunting tartan
robertson-hunting,ancient,robertson-hunting-ancient-tartan-kilt,robertson hunting tartan
robertson-hunting,weathered,robertson-hunting-weathered-tartan-kilt,robertson hunting weathered tartan
ross,,ross-tartan-kilt,ross tartan
ross-hunting,,ross-hunting-tartan-kilt,ross hunting tartan
ross-hunting,weathered,ross-hunting-weathered-tartan-kilt,ross hunting weathered tartan
rourke-frew,,rourke-frew-tartan-kilt,rourke frew tartan
roxburgh-red,,roxburgh-red-tartan-kilt,roxburgh red tartan
royal-stewart,,royal-stewart-tartan-kilt,royal stewart tartan
royal-stewart,ancient,royal-stewart-ancient-tartan-kilt,royal stewart ancient tartan
rutherford,,rutherford-tartan-kilt,rutherford tartan
scotland-forever,,scotland-forever-tartan-kilt,scotland forever tartan
scott,,scott-tartan-kilt,scott tartan
scott-green,weathered,scott-green-weathered-tartan-kilt,scott green weathered tartan
scottish-national,,scottish-national-tartan-kilt,scottish national tartan
seton,,seton-tartan-kilt,seton tartan
seton,ancient,seton-ancient-tartan-kilt,seton ancient tartan
shaw,,shaw-tartan-kilt,shaw tartan
shaw,ancient,shaw-ancient-tartan-kilt,shaw ancient tartan
sinclair,,sinclair-tartan-kilt,sinclair tartan
sinclair-hunting,,sinclair-hunting-tartan-kilt,sinclair hunting tartan
skene,,skene-tartan-kilt,skene tartan
smith,,smith-tartan-kilt,smith tartan
smith,weathered,smith-weathered-tartan-kilt,smith weathered tartan
spens,,spens-tartan-kilt,spens tartan
stevenson,,stevenson-tartan-kilt,stevenson tartan
stewart-dress,,stewart-dress-tartan-kilt,stewart dress tartan
stewart-dress-blue,,stewart-dress-blue-tartan-kilt,stewart dress blue tartan
stirling-bannockburn,,stirling-bannockburn-tartan-kilt,stirling bannockburn tartan
strachan,,strachan-tartan-kilt,strachan tartan
strathearn-muted,weathered,strathearn-muted-tartan-kilt,strathearn muted tartan
sutherland,,sutherland-tartan-kilt,sutherland tartan
taggart,,taggart-tartan-kilt,taggart tartan
tara-murphy,,tara-murphy-tartan-kilt,tara murphy tartan
taylor,,taylor-tartan-kilt,taylor tartan
taylor,weathered,taylor-weathered-tartan-kilt,taylor weathered tartan
texas-blue-bonnet,,texas-blue-bonnet-tartan-kilt,texas blue bonnet tartan
thomson-blue,,thomson-blue-tartan-kilt,thomson blue tartan
thomson-camel,,thomson-camel-tartan-kilt,thomson camel tartan
thomson-grey,ancient,thomson-grey-ancient-tartan-kilt,thomson grey tartan
tipperary-county,,tipperary-county-tartan-kilt,tipperary county tartan
turnbull-dress,,turnbull-dress-tartan-kilt,turnbull dress tartan
turnbull-hunting,ancient,turnbull-hunting-ancient-tartan-kilt,turnbull hunting tartan
tweedside-hunting,,tweedside-hunting-tartan-kilt,tweedside hunting tartan
tweedside-red,,tweedside-red-tartan-kilt,tweedside red tartan
tyrone-county,,tyrone-county-tartan-kilt,tyrone county tartan
ulster-red,weathered,ulster-weathered-tartan-kilt,ulster weathered tartan
ulster-scots,,ulster-scots-tartan-kilt,ulster scots tartan
us-army,,us-army-tartan-kilt,us army tartan
us-marine-corps,,us-marine-corps-corporate-tartan-kilt,us marine corps tartan
wallace,,wallace-tartan-kilt,wallace tartan
wallace,ancient,wallace-ancient-tartan-kilt,wallace ancient tartan
wallace-hunting,,wallace-hunting-tartan-kilt,wallace hunting tartan
wardlaw,,wardlaw-tartan-kilt,wardlaw tartan
watson,ancient,watson-ancient-tartan-kilt,watson ancient tartan
webster,,webster-tartan-kilt,webster tartan
weir,,weir-tartan-kilt,weir tartan
williams,,williams-tartan-kilt,williams tartan
wilson,,wilson-tartan-kilt,wilson tartan
wood,,wood-tartan-kilt,wood tartan
world-peace,,world-peace-tartan-kilt,world peace tartan
wotherspoon,,wotherspoon-tartan-kilt,wotherspoon tartan
young,,young-tartan-kilt,young tartan
