tag,products
irish family tartan,5
universal tartan,5
irish county tartan,3
maclaine lochbuie tartan,2
aberdeenshire tartan,2
district tartan,2
argyll tartan,2
walker evening tartan,1
turner tartan,1
thomson red ancient tartan,1
strathclyde tartan,1
spirit of glyndwr tartan,1
skirl tartan,1
shepherd check tartan,1
scott black grey tartan,1
rymond lee tartan,1
royal welsh tartan,1
rob roy ancient tartan,1
quebec tartan,1
pride tartan,1
perthshire tartan,1
owen of wales tartan,1
oliver tartan,1
osullivan tartan,1
oneill tartan,1
obrien tartan,1
nicolson hunting weathered tartan,1
nicolson hunting tartan,1
munro hunting weathered tartan,1
munro black red tartan,1
muirhead hunting tartan,1
morgan ancient tartan,1
montgomery blue green tartan,1
moncrieffe tartan,1
mclaughlin tartan,1
mcguire tartan,1
mcduck modern tartan,1
maroon tartan,1
maitland chief tartan,1
macphail blue bands tartan,1
macleod lewis dress tartan,1
maclaine lochbuie hunting tartan,1
mackenzie morgan tartan,1
mackean hunting tartan,1
macinnes red tartan,1
macfadzean tartan,1
macdonnell of keppoch tartan,1
macdonald hunting tartan,1
macdiarmid tartan,1
macarthur grey tartan,1
little tartan,1
knight tartan,1
kerry irish tartan,1
jackson tartan,1
inglis ancient tartan,1
houston tartan,1
henry tartan,1
hay and leith tartan,1
hamilton blue hunting tartan,1
hall tartan,1
grey highlander tartan,1
gorman blue tartan,1
gillis tartan,1
gala water tartan,1
fraser old ancient tartan,1
fermanagh county tartan,1
evans of wales tartan,1
erskine black white tartan,1
dempster tartan,1
davies of wales tartan,1
davidson of tulloch tartan,1
gray tartan,1
dark hebridean tartan,1
dark duncan tartan,1
cyllene tartan,1
culloden district tartan,1
crosby tartan,1
county donegal tartan,1
connell tartan,1
confederate memorial tartan,1
clare irish tartan,1
chisholm strathglass tartan,1
celtic black tartan,1
cavan irish tartan,1
casey dress tartan,1
carruthers tartan,1
bell tartan,1
banff buchan tartan,1
all ireland tartan,1
alexander tartan,1
wood cock tartan,1
us navy tartan,1
coleman tartan,1
sens tartan,1
rob roy tartan,1
regiment of foot tartan,1
ramsay blue tartan,1
paterson tartan,1
morrison hunting tartan,1
moriarty tartan,1
moran family tartan,1
modern blue tartan,1
menzies dress tartan,1
marsa scout group tartan,1
kinnear tartan,1
irish national tartan,1
hamilton green tartan,1
griffiths tartan,1
grey watch tartan,1
donegal tartan,1
freemasons tartan,1
fraser of lovat tartan,1
forbes family tartan,1
drummond grey tartan,1
cunningham dress purple tartan,1
comyn tartan,1
cumbernauld district tartan,1
cumbernauld tartan,1
lanarkshire tartan,1
cowan family tartan,1
cowan tartan,1
county cork tartan,1
family tartan,1
clarke tartan,1
clerk tartan,1
heritage tartan,1
regimental tartan,1
buchanan of leny tartan,1
dance tartan,1
east lothian tartan,1
longniddry green tartan,1
longniddry tartan,1
german district tartan,1
german tartan,1
cornish national tartan,1
cornwall tartan,1
freedom tartan,1
american tartan,1
california tartan,1
banff and buchan tartan,1
andover tartan,1
government tartan,1
